{
    "id": 2889763,
    "updatedAt": "2013-02-27T07:43:00Z",
    "numberOfFiles": "9",
    "contributors": [
        564346,
        612688,
        130439,
        1480363,
        1480398,
        1480384,
        1488956,
        1480378,
        448810,
        1013268,
        39072,
        246298,
        1026144,
        593433,
        1377584,
        1504364
    ],
    "isPrivate": false,
    "createdAt": "2011-12-01T08:43:19Z",
    "loc": "604",
    "commits": 68,
    "totalSize": "672"
}